{
  "project_info": {
    "project_number": "983074485826",
    "project_id": "metaverseunityproject",
    "storage_bucket": "metaverseunityproject.appspot.com"
  },
  "client": [
    {
      "client_info": {
        "mobilesdk_app_id": "1:983074485826:android:66f9abe55de9cc5c001fdb",
        "android_client_info": {
          "package_name": "com.ssafy.MetaverseUnityProject"
        }
      },
      "oauth_client": [
        {
          "client_id": "983074485826-nv0r4ueiqjvj9g9424klhd4hdbfctg5e.apps.googleusercontent.com",
          "client_type": 1,
          "android_info": {
            "package_name": "com.ssafy.MetaverseUnityProject",
            "certificate_hash": "cb505333397938b7d4bc49532402fb581695ff45"
          }
        },
        {
          "client_id": "983074485826-qgmejv42r8ilpqbfn7iqj2ni0sggrsj4.apps.googleusercontent.com",
          "client_type": 3
        }
      ],
      "api_key": [
        {
          "current_key": "AIzaSyBuCSKxf7ejD6jl0HySEQdNWpN42rX0z6c"
        }
      ],
      "services": {
        "appinvite_service": {
          "other_platform_oauth_client": [
            {
              "client_id": "983074485826-qgmejv42r8ilpqbfn7iqj2ni0sggrsj4.apps.googleusercontent.com",
              "client_type": 3
            }
          ]
        }
      }
    }
  ],
  "configuration_version": "1"
}